company,booth_no,booth_id
(JPE) YEAN HERN CORP.,L0022,656313
"3D Architech, Inc.",Q6134,698033
"3EGREEN TECHNOLOGY, INC.",R8121,650276
3S LINE,T9230,662018
"3S Silicon Tech., Inc.",M1154,652847
"A SUN PHOTONICS CO., LTD.",K3285,651896
ABB Ltd,R7906,654691
"AblePrint Technology Co., Ltd.",N1188,653254
ACCIO Hong Kong Catalonia Competitiveness Agency Limited,I3123,680531
Accordance Systems Inc.,P5500,653515
"Accretech Taiwan Co., Ltd.",M0348,652761
Ace Dragon Corp.,P5418,653693
ACE NANOCHEM,J2654,651612
"ACE Solution Co., Ltd.",L0609,652285
"Achilles Advanced Technology Co., Ltd.",K2587,656154
ACM Research Inc.,K2268,651717
Acro Chemical Corporation,R7721,650428
ACS Motion Control,I2822,694309
Adelis Associates Pte Ltd.,N0383,653166
"Adirtek Co., Ltd.",S7536,650509
AdNaNoTek Corporation,L1320,697769
"ADTEC Plasma Technology Co., Ltd.",M0954,652843
Advanced Dicing Technologies Ltd,N0667,656035
Advanced Echem Materials Company Limited,S7142,650572
"Advanced Energy Taiwan, Ltd.",J3246,697688
ADVANCED GLOBAL ALLIANCE PTE LTD,P6125,697915
"ADVANCED MATERIALS TECHNOLOGY & ENGINEERING, INC.",I2133,661800
Advanced Packaging Interlink Holding Pte Ltd,N1285,653207
Advanced Thermal Sciences Taiwan Corp.,P5200,653503
"ADVANTAGE SCIENTIFIC, INC",T9033,661888
"Advantec Co., Ltd.",M0458,652883
"Advantech Co., Ltd.",Q5637,653816
Advantek Taiwan Inc.,L1027,652508
"AEC Connectors co., Ltd.",T9403,661943
AEGIQ LTD,I3000,698048
Aehr Test Systems,S7330,697561
AEM Singapore Pte. Ltd.,K3290,652059
"AENEAS ELECTRONICS CO., LTD.",T9027,661883
AEROTECH INC. TAIWAN BRANCH,J2252,651383
AET Corporation,R7212,650196
"AG MATERIALS TECHNOLOGY CO., LTD.",L0810,697825
AGC Inc.,P5912,653653
"AI Technology, Inc.",L0808,655967
AIR CLEAN DEVISER TAIWAN CORP.,R7010,650852
"AISHENGKE (JIANGSU) CHEMICAL TECHNOLOGY CO., LTD.",S7145,650897
"ALASER Company, Ltd.",I2800,651030
"AL-CHARM ENTERPRISE CO., LTD.",I2600,651026
"Alinc Taiwan Co., Ltd.",I3100,681185
AlixLabs,T9404,698064
"All Ring Tech Co., Ltd.",J2846,651538
"Alliance Material Co., Ltd.",N1066,652988
Allied Supreme Corporation,L1116,654770
"ALMATEC CO., LTD.",T9401,661947
AlphaSense,H0013,679923
AMAZING COOL TECHNOLOGY CORPORATION.,L0924,652483
American Institute in Taiwan,S7330,697566
American State Offices Association,S7330,654680
"Ametek Taiwan Corp., Ltd.",R7200,698222
"AMFLO Fluid System & Components Co., Ltd.",P5123,654259
"AMIDA Technology,Inc.",K3184,651895
"AMIES Technology Co., Ltd.",N0052,653341
Analog Devices Taiwan Limited,P5504,653565
Analogue Insight Ltd,I3000,698049
ANCORP,S7330,698713
ANDRITZ SINGAPORE PTE LTD,R7705,650372
Aniah,T9404,698065
Anupam Rasayan India Limited,T9518,662047
AP Systems Semiconductor,J3046,697784
AP Tech (Advanced Pressure Technology),L0530,652549
"APEX UNION TECHNOLOGIES CO., LTD",S7240,650548
"APM COMMUNICATION, INC.",R7624,683389
"Apogee Optocom Co.,Ltd.",R7200,698225
"Applied Nano Technology Science, Inc.",L0916,652388
"Applied Seals Co., Ltd. (Taiwan)",I2226,651290
Aquafine Corporation,R7821,650271
"AQUSEN Technology Co., Ltd",L0126,652494
ARCHIACT TECHNOLOGY CORPORATION,P5519,653692
"ARCS Precision Technology Co, Ltd.",K2282,651003
Argal srl,R7523,698147
Arizona Commerce Authority,S7330,697559
"ARKTEK CO., LTD.",K2040,652117
AROX,R8000,698681
"ARS CO.,LTD.",X0001,654290
AS Strömungstechnik GmbH,T9112,661957
ASCENTEX INDUSTRY Corp.,N0862,652937
Asia Air Precision Technology Ltd.,Q5952,654649
"Asia Chiying Technology Co.,Ltd",R7400,650357
"Asia IC Mic-Process, Inc.",K2383,651857
"Asia Neo Tech Industrial Co.,Ltd.",L1227,654780
Asiatic Fiber Corporation,R8223,655714
ASKINDEX TAIWAN TECH CORP.,L0025,652162
Asmith Manufacturing Company,S7006,650868
ASMPT,L0716,655443
Asterquanta Systems Inc,Q6158,697965
ASYS CORPORATION,S8152,650712
ATA Engineering Corporation,L0923,652458
"Atech Peripherals, Inc.",S8242,662125
A-Tech Technology Corp.,K2366,655954
"Atecom Technology Co., Ltd.",J2934,651418
"Atkinsorb Co., Ltd",I2124,650918
Atlas Copco Taiwan Ltd.,R7924,650308
Atlas Technology Corporation,R7418,655745
"ATOCK Co., Ltd.",Q6235,696203
Atotech Taiwan Ltd,I2130,650952
ATP ELECTRONICS TAIWAN INC.,R7200,698327
ATT Systems GmbH,N0483,653168
"AUROS Technology, Inc.",Q5658,653990
Avex-SG Technology Inc.,J3038,651462
AVVA R&D Corp.,N0970,653035
AWESOMENICS INC.,K3083,651872
"Awesome-Team Co., Ltd",N0491,653264
Axelera AI,R8000,698676
"Bailingtek Co., Ltd.",P5819,653698
Ball Wave Inc,Q6134,698034
Bavaria,R7112,650195
"Bay Union Abrasive Technology Co., Ltd.",R8206,650160
"Beckhoff Automation Co., Ltd.",Q5544,653878
"Beijing Airport Beiguang Instruments Co., Ltd",T9058,661930
BenQ Materials Corporation,M0657,655812
"Berny CO.,LTD",R8305,696135
Besi (BE Semiconductor Industries N.V.),M0438,652643
"Best Integration Technology Co., Ltd.",K2167,661803
"Bestac Advanced Material Co., Ltd",J3138,655785
"Bethel Co.,Ltd.",Q6235,696204
Bison Advanced Technology,P5118,653460
BIZLINK INTERNATIONAL CORPORATION,S8236,650830
"BLIKSEN CO.,LTD.",K2486,656153
BNSR,R7312,697756
"Bo-Jiang Technology Co., Ltd.",S8243,662135
Bondtronics Technology Incorporation,J3134,651424
Bossmen Inc.,P5924,653746
Braun & Quarld Quartz Glass Lianyungang Ltd.,S7545,650592
"Brewer Science, Inc.",I2316,651188
"Bright Sheland International Co., Ltd.",S7136,650517
"Bronkhorst Taiwan Co., Ltd.",N0289,653236
"Bruker Taiwan Co., Ltd",N1282,653426
"BTU International, Inc.",I2516,697774
"Bueno Technology Co., Ltd.",J2238,651445
Bühler Leybold Optics,I2804,651071
Burkert Taiwan Ltd.,P5624,653740
C Sun Mfg Ltd.,N0662,696199
"C.C.P. CONTACT PROBES CO., LTD.",S7658,650785
Caelus Technologies Limited,H0021,679927
California Pavilion,S7330,697558
Camtek Inspection Technology Limited,M0938,652604
Canadian Trade Office in Taipei,Q6158,654042
Canon,M0134,652589
CANTOPS Co. Ltd.,P5724,653742
"Capcon Limited Co., Ltd",P5107,654251
"Carbo Tzujan Industrial Co., LTD.",X0002,654284
"Carl Zeiss Co., Ltd.",L0510,652309
Carpenter Technology,S7952,650707
CASTEC INTERNATIONAL CORP.,Q5258,653982
"Casting Machining Engineering Co., Ltd.",Q5644,653881
CbI Program,T9002,661901
"CBJ TECH Co., Ltd.",Q5140,698247
CDS Condition Monitoring Service Co.,P5722,653727
CEA-LETI,R7324,697856
CEIPIEMONTE s.c.p.a.,R8000,698677
Centrum Technology Corporation,S8130,650108
CENTURY TRADING CORPORATION,S8252,650713
"CERMAX Co., Ltd",Q6240,654078
Certain Micro Application Technology Inc.,K3183,656319
Chain Logic International Corp.,I2624,651278
CHAIN SUN TECHNOLOGY LTD.,S7746,650630
Challentech International Corporation,J2146,650960
"CHANG SUNG ACE CO., LTD.",T9317,662039
"Changzhou Mingseal Robot Technology Co., Ltd",N1192,653303
Changzhou Tonghui Electronic Co. Ltd.,S7837,650511
"CHAO-YOUNG APPLICATION TECHNOLOGY CO., LTD.",I2905,651072
CHELPIS Quantum Corporation,L1330,697772
"CHEMFISH TOKYO CO.,LTD",L1025,652484
"Cheng Mei Instrument Technology Co., Ltd.",N1076,653109
"Cheng Tay Heater & Instrument Co., Ltd",K2033,652132
"Chengdu Catherine Technology Co.,Ltd.",R7606,650379
"Chia Sheng Technology Co., Ltd.",G0001,654263
"Chieftek Precision Co., Ltd.",L0326,652497
Chihuahua State Government,S7436,679671
CHIN KONG GRAPHIC CORP.,T9220,662034
"Ching Hung Machinery & Electric Industrial Co., LTD.",Q5630,653521
"Chip Shine Electronics Technology Co.,Ltd",I2125,661793
CHIYO ENTERPRISES LIMITED,P5124,655590
Chroma ATE Inc.,K2576,651803
"CHT Security Co., Ltd.",Q5336,654156
"Chuan Hung Technology Co., LTD.",R8319,650821
Chuan Yao Machinery Co. Ltd,Q5741,662351
"CHUNG I SILVER SOLDER CO., LTD.",X0025,654302
"Chung King Enterprise Co.,Ltd",I2726,651310
"Chunghwa Precision Test Tech. Co., Ltd",K2676,651805
CHUNMA HI-TECH,Q5139,654711
"CHYI DING Technologies Co., Ltd.",N0583,653170
CI SEMI,M1139,652654
"Cica-Huntek Chemical Technology Taiwan Co., Ltd.",P5112,653453
"CIRCUIT FABOLOGY MICROELECTRONICS EQUIPMENT CO., LTD.",N0050,655689
CIS Corporation,M1038,652653
City of Sendai,Q6134,698249
Clas-SIC Wafer Fab,I3000,698050
"CLEAN TECHNOLOGY CO., LTD. TAIWAN BRANCH (JAPAN)",R7412,655746
"CMTX Co., Ltd.",I2400,651022
"CN1 Co., Ltd",R7312,697755
CNW – COURIER NETWORK,J2939,651458
Coherent Corp.,N0562,656031
"COHO Advanced Materials Tech. Co., Ltd.",L0011,652147
"CohPros International Co., Ltd",I2516,651192
Comet Solutions Taiwan Ltd.,N1270,653415
"CONPROFE TECHNOLOGY GROUP CO., LTD.",P5524,655795
"Contrel Technology Co., Ltd.",N0662,696201
CoolLED Ltd,I3000,698038
"CORE TECHNOLOGY CO., LTD.",P5400,656322
"Coresemi Co., Ltd",L0916,683513
CORNERSTONE,I3000,698039
Corning Incorporated,L1030,652558
Creative Technology Corporation,I2616,651194
CSA Group Testing & Certification Inc.,Q6158,697963
"C-TECH Technology Co., Ltd.",S8030,650106
CXsemi Company Limited,J2553,651589
"CYCRAFT TECHNOLOGY CO., LTD.",Q5441,653844
Czech Pavilion,K2860,651413
"D&X (Taiwan) Co., LTD.",L1104,654609
"D.C.C.P. CO., LTD.",P5104,653446
"DA CEI TRADE CO., LTD.",J3434,661780
"Da-Chung Contact Probes Enterprises Co., Ltd.",K3385,652056
"Dah Young Vacuum Equipment Co., Ltd.",R7127,654700
Daicel Corporation,Q6052,654163
DAIHEN Corporation,P5600,653519
"Daiichinekken Co., Ltd.",Q5242,655887
"Daikawakenn Technology Co., Ltd",K2460,693467
Daike-VSR,T9303,661946
"Dalian High Purity Chemical Co., LTD",L0906,652267
DALTON CORPORATION,N0033,652167
Danil Syschem,X0028,654318
DAS Asia Ltd. Taiwan Branch,J2346,651527
"Dasan Eng Co., Ltd",M0457,652857
Daxin Materials Corp.,L1210,653355
"Dean Tech Co., Ltd",S7646,650643
"DEDIPROG TECHNOLOGY CO., LTD.",K2886,651909
"DeepCtrls Technologies Co., Ltd.",T9301,661940
DELO Industrial Adhesives,I2020,652101
DELTA ELECTRONICS INC.,P5312,654659
"DERIGHT PRECISION MACHINERY CO., LTD.",J3252,652029
Desert Glass Works,S7330,698526
Desiccant Technology Corporation,R7824,650443
DETEKT Technology Inc.,S7238,650524
"DEWTEK DRYING SYSTEMS CO., LTD.",R7604,650134
"DH CROWN TECH CO.,LTD",Q5136,653478
DI Corporation,J2634,651404
"DI KU DIAMOND ENTERPRISES CO., LTD.",S7640,650554
"DigiHua Intelligent Systems CO., LTD.",P5521,662338
"Dimond Shamrock Enterprise Co., Ltd.",J2338,651447
"Ding Cheng International Co., Ltd",Q5537,653814
"DINKLE ENTERPRISE CO., LTD.",Q5342,653861
"Directly Technology Co., Ltd",R7224,650298
"Disco HI-TEC Taiwan Co., Ltd.",M0748,655975
DKK-TOA Corporation,R7712,650203
"DMS CO., LTD",T9226,662027
"DNJO Technologies Co., Ltd",I2507,651085
"DOIT Technical Co., Limited",I2013,652094
Dong Rong Electronics Co Ltd,R7121,655597
"DONGIL TECHNOLGY CO.,LTD.",R7312,697750
"Dongjin Semichem Co., Ltd.",L0816,652386
DOOJIN Corporation,R7521,698146
Dou Yee Enterprises (S) Pte Ltd,L0410,652235
Dow Chemical Taiwan Ltd,X0035,654307
DS Fibertech Corporation,H0011,679922
"DSG CO., LTD.",Q5140,653482
Duksan Hi-Metal,T9409,661996
Duksan Neolux,T9409,694308
Dusemund Pte Ltd,T9112,695586
"Dyfenco International Co., Ltd.",S7941,650569
"DYNEX CO., LTD",S7642,650579
"DYT Taiwan Pte.,Ltd.",R8118,650261
E & R Engineering Corporation,M1048,652774
"EASE PLUS CO., LTD",T9104,661982
Easy Field Corporation,K3176,654578
"Eaton Phoenixtec MMPL Co., Ltd.",P5212,653639
"EAYUAN METAL INDUSTRIAL CO.,LTD.",T9221,662031
Ebara Corporation,N0368,653000
"ebm-papst Ventilator (Shanghai) Co., Ltd.",P5100,653441
"EC ADVANCE PCB TECHNOLOGY CO., LTD",I2904,697051
ECM Greentech,I2015,652097
ECO ENERGEN Co. Ltd.,Q6337,654207
Eco World Project Management Sdn Bhd,P6103,697903
Ecolab Limited,R7700,650091
Economic Development Partnership of North Carolina,S7330,697569
Ecosphere Clean Global Sdn Bhd,I2103,661788
"EFAB International Technology Co., Ltd.",J3152,651603
EFD Corporation,R8020,650430
EKK Eagle Semicon Components,P6200,654179
ElectraMet,P5103,654249
"Elemental Scientific, Inc.",J2353,651585
Elephantech Inc.,T9404,698066
"ELS System Technology Co., Ltd.",I2808,651114
EM-TECHNIK EAST ASIA LTD.,K2186,651007
Emulsion Flow Technologies Ltd.,Q6235,696205
"EN HOU POLYMER CHEMICAL INDUSTRIAL CO., LTD",X0011,654295
Enghouse Systems,Q6158,697966
"ENJET Co., Ltd.",P5218,653689
"ENLI TECHNOLOGY CO., LTD.",I2923,651261
"EN-LIANG ENTERPRISE CO.,LTD.",L0927,652506
Ensinger Asia Holding PTE. LTD. Taiwan Branch,K2042,652118
Entegris Asia Pte. Ltd. Taiwan Branch,L0128,652517
Enviro-Innovate Tech.,R7718,650255
"EO Technics Co., Ltd.",L0628,655489
"ePAK International, Inc.",N0041,653334
Episil-Precision Inc.,M0634,698253
"EPORT CO.,LTD",L0909,655966
EQ GLOBAL,M1140,697326
eRaytroniks company limited,X0014,664255
ERS Electronic GmbH,M0257,679635
"E-satisfy semiconductor ( jiangSu) Co.,Ltd.",Q6246,654211
"Escort Seal Co., Ltd.",R7120,655623
"esmo Taiwan Co.,Ltd",K2052,652133
"ETERNAL MATERIALS CO., LTD.",S7159,650904
"ETERNAL PRECISION MECHANICS CO., LTD.",N1367,662335
"Eunodata Co., Ltd.",Q5436,695989
Evatec AG,M0948,652772
Ever Island Corporation,L0822,652465
"EVER PURE APPLIED MATERIALS CO., LTD.",M0156,679636
Ever Team International Corp.,N0168,652996
Everlight Chemical Industrial Corporation,K2570,651743
"EverMore Technology, Inc.",Q5344,654159
EVERSUPP TECHNOLOGY CORP,L0926,652507
EVG-JOINTECH,L0310,652305
EVIDENT CORPORATION,J2646,651533
"EXCEL CELL ELECTRONIC CO., LTD.",S8046,650636
"EZBOND CHEMICAL CO., LTD.",L1208,653352
EZO Corporation,H0019,679926
F Plus Ceramic Applied Materials Limited,L0916,683511
F&K Delvotec Bondtechnik Singapore Pte Ltd,N1266,653410
FABREEKA INTERNATIONAL INC.TAIWAN BRANCH (U.S.A.),Q5841,653852
"FAGOR AUTOMATION TAIWAN CO., LTD.",P5700,653523
"Fang Jie Co., Ltd.",K2287,651008
FAVITE Inc.,I2924,655773
"FedEx Express International B.V., Taiwan Branch",R8212,650818
Femtoscience Inc.,T9060,661932
"Ferrotec Taiwan Co., Ltd.",N0034,652169
"Festo Co., Ltd.",P5324,653735
ficonTEC,R8124,655716
Fidertech Corporation,I3327,662295
"FINE Co., Ltd.",S7737,650520
Fine Silicon Manufacturing (Shanghai) Ltd.,I2723,651257
"FINETEK CO., LTD.",J2946,695991
"FISCHER  INSTRUMENTATION  (TAIWAN)  CO., LTD.",I2126,650919
FITOK GmbH,L0003,652140
"Fittech Co., Ltd",I2904,651074
Flagship International Ltd. 旗艦國際管理顧問有限公司,Q5436,653815
Flotrend Corporation,S7241,650547
"FNS, Inc.",I2019,652099
"Foresight Technology Company, Ltd.",X0007,654293
Forge Nano,N0982,653178
Forter Technology Corporation,S7636,650510
"FOX Co.,Ltd.",Q6134,698037
"FPI Tech. Co., LTD.",N0288,653235
"FRD CO., Ltd.",P6212,654196
French Chamber Taiwan,R7324,678703
"FRONTXIN ULTRASONIC TECHNOLOGY CO., LTD.",R8205,696141
FST (Fine Semitech Corp.),Q5658,697865
"FST International H.C., Ltd.",T9225,662022
"Fu-Hwa Machine Co., Ltd.",M1055,652844
"FUJIFILM Electronic Materials Taiwan Co., Ltd.",L0316,652377
Fujikin Taiwan Incorporated,L0108,652277
FUKUOKA PREFECTURAL GOVERNMENT,Q6044,654065
Full Bright Industrial Supply Center,I2010,652092
"Functional Coating System Technologies Co.,Ltd",R7200,698224
"G.C MICRO TECHNOLOGY CO., LTD.",N1083,653179
"GAIN-TEK SEMICONDUCTOR MATERIAL CO., LTD.",I2006,652089
Galatek Technologies Malaysia Sdn. Bhd.,P6002,697904
Galaxy Technology Development Company,J3146,651544
"Gallant Micro. Machining Co., Ltd.",N0662,652946
"Gallant Precision Machining Co., Ltd.",N0662,696200
Garma Information & Communacation Inc.,Q5743,662352
"GASDNA CO., LTD.",H0005,679919
"Gastron Co., Ltd.",L0012,696416
Gauss Labs,P5720,653711
"G-DOK IND. CO., LTD.",R7312,697744
"GeChi Compound Semiconductor Co., Ltd.",I3222,651998
Geckos Technology Corporation,L1004,654621
GEMI TEK CORP.,P5200,698250
"Gemmy-Tek Technology Co., Ltd.",M1242,696302
GEMÜ Taiwan Ltd.,L0305,652231
Genes Tech Group Holdings Co Ltd.,P5412,653643
"GENII IDEAS Co., Ltd.",P5906,653593
Gentec (Shanghai) Corporation,Q5646,653896
Germany Trade & Invest,K2760,698903
"GET YANG INDUSTRIAL CO., LTD",K2665,651683
GfG - Gesellschaft für Gerätebau mbH,T9021,661897
"Giantlok Co., Ltd.",T9202,661939
"GILLION APPLICATION TECHNOLOGY CO., LTD",I2024,652105
Glint Materials Co. Ltd,I2927,651303
GLIT,Q6235,697047
Global ETS,S7330,698716
Global Precise Instrument Corporation,J2452,651588
"Global TechSolutions TW Co., Ltd.",S7752,650705
GLOBAL ZEUS,T9419,662044
GMT GLOBAL INC.,Q5442,653862
Gold Stone Development Co. Ltd,N0462,652931
"Golden Mountain Enterprise Co., Ltd",T9417,662042
Government of Ontario,Q6158,697962
"GPAS OPTRONICS TECHNOLOGY CO., LTD.",M1056,652869
"Grace Haozan Applied Material Co., Ltd",K2365,651677
Gradiant,R7720,650272
GRAND TECHNOLOGY INC.,R7009,650856
"GrandiT Co., Ltd",T9035,661891
Grandome Technology Inc.,N0476,697052
"Great Combination Enterprise Co.,Ltd.",R7804,650137
"Great Domain Enterprise Co., Ltd.",N0376,653096
"GREAT KNIVES MANUFACTURE CO., LTD.",T9208,661964
"GREAT PRECISION CO., LTD.",P5224,653732
Greater Tokyo Initiative,H0039,683405
Gredmann Taiwan Ltd.,S8058,650778
"Green Optics Co., Ltd.",R8218,650424
"Greene, Tweed & Co., Inc.",R7113,695992
GreenFILTEC LTD.,R7812,650401
GreenTrans Corporation,P5522,653722
"Grikin Advanced Materials Co., Ltd.",K2390,651939
"Grintimate Precision Industry Co., Ltd.",I3110,651120
"GROUP UP INDUSTRIAL CO., LTD.",N1162,652943
GST Taiwan Ltd.,L0200,652183
"GTA MATERIAL CO., LTD.",L0230,652543
"GTEN BALL SCREW TECHNOLOGY CO., LTD.",S7002,650865
"Guangdong iStar Technology Equipment Co., Ltd.",N0043,653335
"Gudeng Precision Industrial Co., Ltd.",N0776,655413
"GWOUEI METALS INDUSTRY CO., LTD",J3038,696025
Gyrobot Systems Pte. Ltd,Q5752,653946
HABOR PRECISION INC.,R7900,650097
HAITIMA CORPORATION,R7618,650253
Hajime Corporation,P5920,653715
Hakuto Taiwan Ltd.,N0262,654630
"Hamamatsu Photonics Taiwan Co., Ltd.",I2216,651186
"HAN XING LONG MACHINERY CO., LTD.",L0508,652284
"Hanaki Rubber Co.,Ltd.",Q6235,697049
"HANBELL VACUUM TECHNOLOGY CO., LTD",K2376,654559
"Handletek Co., Ltd.",L0012,652150
"HangZhou Changchuan Technology Co.,Ltd",K2888,655778
"Hangzhou Cobetter Filtration Equipment Co., Ltd.",Q5152,653493
"Hangzhou Deefine Filtration Technology Co., Ltd",R7719,650421
HANMI Semiconductor,L0516,652381
"HANSTECH ADVANCED MATERIALS CO., LTD.",L0223,652445
Hantop Intelligence Tech.,P5718,653699
Hanwha Semitech,N0984,653203
"Haohua Gas Co.,Ltd.",R7406,650378
Harbor Technology Solutions,T9136,662353
HARTLEY ULTRAFAST LTD,I3000,698040
Hauman Technologies Corp.,M0548,655804
"HEART TECH ENTERPRISE CO., LTD.",P6019,653702
"HEATACT SUPER CONDUCTIVE HEAT - TECH CO., LTD.",H0027,679930
"Hefei ImagEx Electronics Technology Co., Ltd.",T9024,661899
"Hefei SHAREWIN Semiconductor Material Co.,Ltd.",T9039,661895
Heidelberg Instruments Mikrotechnik GmbH,R7724,697370
"HEIDENHAIN CO., LTD (Taiwan)",K2864,651690
"HELLER INDUSTRIES, INC",I3228,693458
"HeNan Union precision Material.co.,ltd",X0027,654303
"Henan Xinlianxin Shenleng Energy Co., Ltd.",T9302,661941
Heraeus Materials Singapore Pte Ltd,L1008,652294
Heraeus Printed Electronics GmbH,L1008,696329
"Herald Aluminum Co., Ltd.",R7012,650853
Hermes Testing Solutions Inc.,M0538,697548
Hermes-Epitek Corp.,M0634,652611
HERMOS RFID,P5323,653716
HERONIC TECHNOLOGIES LIMITED,I3000,698051
Hesse Asia Limited,M0958,652892
"Hickwall Tech Caster Industrial Co., Ltd.",R8122,655715
"HIGEE CO.,LTD",R7905,650373
Hightec Systems Corporation,L0306,652256
Highvac Corporation,S7330,698527
Hi-Lo System Research Co. Ltd,Q5338,653829
"HIMEJI RIKA CO.,LTD.",L0015,652152
"Hi-Nano Optoelectronics Co.,Ltd.",N1167,652989
"HIROSE OPTO CO., LTD.",I2406,651084
Hirose SER Inc.,K2046,655577
"Hitachi Energy Taiwan Co ., Ltd.",R7704,650135
Hitachi High-Tech Corporation,S7540,696132
HIWIN MIKROSYSTEM CORP.,L0600,652203
Hiwin Technologies Corporation,L0600,695657
"Holding Electric Co., Ltd.",I3404,661777
Holland High Tech,K2760,698904
"Homwell Co., Ltd.",J2640,651473
"HON. PRECISION, INC.",K3160,652062
Honeywell Taiwan Limited,Q5343,656299
"HONG I INSTRUMENTS CO., LTD.",Q6341,654191
"Hong Kong Mabuchi Motor NPM Trading Co.,LTD. Taiwan Branch Office",K2267,650978
"Hong Yang Laser Service Co., Ltd.",G0013,679570
"HONG-KUANG HI-TECH, CORP.",S7252,650699
"HONG-MING TECHNOLOGY CO., LTD.",I2101,661798
Honlyco Inc.,T9135,662050
"HonWay Materials Co., Ltd.",Q5839,653836
"HORIBA Taiwan, Inc.",J2246,651525
"Horng Terng Automation Co., Ltd.",Q5252,653936
"HOYI TECH CO., LTD.",T9025,661881
"HPRAY (Beijing) Semiconductor Materials Co., Ltd",Q5145,654712
"Hsiung Mu Enterprise Co., Ltd",I2323,651249
HTC & SOLAR TECH SERVICE LIMITED,Q5558,653988
"Huang Liang Biomedical Technology Co., Ltd.",R7200,698219
"Huangshan Juxin New Material Co., Ltd.",K3462,661787
"Hundred Semiconductors, Inc.",Q6235,696206
"Hung Cheng International Technical Co., LTD",R7007,650855
HUNG CHING DEVELOPMENT COMPANY LIMITED,H0003,679918
"Hung Shin Technology Co., Ltd.",J2453,651587
"Hwa Chih Technology Co., Ltd.",S8345,681224
"HWASHU Enterprise Co., Ltd.",M0356,652856
"HYE TECHNOLOGY CO.,LTD.",I2300,697108
"Hypersonic, Inc.",N0762,655995
"I JANG INDUSTRIAL CO.,LTD.",X0010,654324
"IBARAKI GRINDING WHEEL Co.,Ltd.",Q6235,696202
Ibaraki Prefectural Government,Q6235,663228
i-Bot Technology Inc.,K2360,651391
IBS - Ion Beam Services,R7324,697863
IC STARTUP ZONE,T9404,662063
IceMOS Technology Ltd,I3000,698041
ICHEON CITY,R7312,697759
iCometrue Company Ltd.,M0957,652866
"ICP DAS CO., LTD.",Q5238,677758
"ICS Technology Co., Ltd.",K2164,650974
ICSPI Corp,Q6158,697964
"I-DER-VON ENTERPRISE CO., LTD.",R7904,650139
IDTechEx,X0003,654291
ifm electronic ltd.,Q5430,653513
igus Taiwan Company Limited,K3067,651712
"IHARA SCIENCE TAIWAN CO., LTD.",T9209,696041
"IMT Co., Ltd",R7312,697741
Indiana Economic Development Corporation,S7330,697567
Indium Corporation,I2416,651190
"Industrial Development Administration ,MOEA",L0416,652379
Industrial Technology Research Institute,L0700,655842
INFICON Company Limited,M0534,652597
INFINIFLUX,I3000,698052
Infinity Vision Technology Corp. Ltd,J3256,652079
Ingentec Corporation,S7558,650771
"INNOJET TECHNOLOGY CO., LTD.",S7131,654702
Innolux Corporation,R7200,698226
Inspiraz Technology Pte Ltd,P6028,697891
Integrated Service Technology,K3389,652058
Integrated Technology Corporation Taiwan Branch,K3478,661786
"INTEKPLUS Co., Ltd.",I2230,651333
"Intelume LASER SYSTEMS CO., LTD.",N0962,652939
Intertec Taiwan Corp.,L0226,652492
INTERTEK TESTING SERVICES TAIWAN LTD,R8301,696133
inTEST EMS Corporation,N0570,697556
"INTG-TECH CO., LTD.",S7546,697416
"Intifar Global Co., Ltd",K3082,655697
INVENTEC Performance Chemicals,S7852,650718
Invest in Costa Rica,K2169,661809
Investment NSW,S7440,650551
"ION ELECTRONIC MATERIALS CO., LTD.",S8143,650586
IOTek G.K.,Q6235,697045
IR Vision,T9404,698067
"IRE SEMITEC CO., LTD",P5219,653459
"ISC Co., Ltd.",K3076,655692
ISIN INC.,T9216,662037
Italian Trade Agency - Taipei Office,R8000,681252
"IWAKI CO.,LTD.",N0266,654633
Iwatani Corporation (Taiwan) Ltd.,R7001,650861
"JAINNHER MACHINE CO., LTD.",Q5352,697512
"JAO JAI ENTERPRISE CO., LTD.",S7743,650593
JC's Chunson Limited,N0362,656079
JCU TAIWAN CORPORATION,Q5758,653992
"JDV CONTROL VALVES CO., LTD.",P5606,653587
"JEL AUTOMATION CO., LTD.",L1100,654606
JEM TAIWAN PROBE CORP.,K2276,651797
JEOL Ltd.,K2160,650967
"JET TECHNOLOGY CO., LTD.",R8224,650824
"JHT Design Co., Ltd.",K3088,655565
"Jiangsu Jinggong Semicon Equipment Co., Ltd",K2265,650975
"Jiangsu Rongdaoshe Semiconductor Equipment Technology Co., Ltd.",T9034,661889
"JIANGSU XINTIANYU TECHNOLOGY CO.,LTD.",T9517,662046
"JIANN SHENG MACHINERY & ELECTRIC INDUSTRIAL CO., LTD.",I3205,651078
"JiaXing Jiuzong Intelligent Technology Co., Ltd.",Q6236,654141
"Jim & Steve Industrial Co., Ltd.",L1200,654612
"JIMMORE International Co., Ltd.",Q5840,653855
"JING CHENG MATERIAL CO., LTD.",I3323,652011
"JING YUAN TECHNOLOGY CO., LTD.",R7424,650441
"JINHONG GAS CO., LTD.",S8052,650710
Jipal Corporation,N0176,653092
JIPITI（GPT） CO.,R7312,697748
"JJmr-Clean-Air Solution Tech. Services Co., Ltd",S7530,650087
JobsOhio,S7330,697571
"Joen Lih Machinery Co., Ltd.",J2446,651529
Johnstech International Corporation,J2755,651613
"JOIN STAR TRADING CO., LTD.",K2181,661810
"Jong Shiann Enterprise Co., Ltd.",K3270,696317
"JTEKT THERMO SYSTEMS TAIWAN CO .,LTD",N1166,652990
"JUFAN INDUSTRIAL CO., LTD.",T9416,662041
"JUMBO LASER CO.,LTD.",L0005,652141
JUNG CHUNG TECHNOLOGY CORP.,R7806,650380
"Jung Sung Tech Co.,Ltd.",Q5636,653819
"JustYa Technology Co., Ltd.",L1125,652486
"JUSUNG ENGINEERING CO., LTD. TAIWAN BRANCH(SOUTH KOREA)",L0500,652189
"JYE YEU ENTERPRISE Co., Ltd",J2534,651400
"JYS OPTICAL INSTRUMENT CO.,Ltd",G0019,679571
Kagoshima prefecture,Q6143,654063
"KA-JENG Co., Ltd",S7007,662347
Kan I International Corp.,K2465,651679
KANAUE APPLIED MATERIAL CORP.,L0407,652257
Kaneka Corporation,S7137,650893
Kanematsu Corporation,Q5930,697107
Kanematsu Taiwan Corp.,L1007,652268
"Kashiyama Taiwan Co., Ltd.",M1034,652606
"KAWASAKI HEAVY INDUSTRIES, LTD. TAIPEI BRANCH (JAPAN)",P5822,653728
"KC CO., LTD.",K2476,656144
KC industrial,K2476,696767
KC INNOVATION,K2476,696766
"KC Tech Co., Ltd.",K2476,696765
KELVIN QUANTUM LTD,I3000,698042
"Kenmec Mechanical Engineering Co., Ltd.",L1216,653361
"Kenner Material & System Co., Ltd",Q5133,654707
"Kenturn Nano.Tec Co.,Ltd.",Q5744,653882
Ker Taur Company Ltd.,M1158,652896
"KEYARROW (TAIWAN) CO., LTD",S7230,650079
"Keyence Taiwan Co., LTD.",K2660,651403
Keysight Technologies Taiwan Ltd.,K2037,652115
Keystone Microtech Corporation,T9605,662006
"KIMOTO Co.,LTD",H0017,679925
Kinaxis Inc,Q6158,697945
Kinetic Systems Engineering & Services Inc.,L1205,654610
"King Lai Hygienic Materials Co., Ltd.",I2116,650945
"KING SUN INDUSTRY CO., LTD.",R7819,650254
"KINGVAST TECHNOLOGY CO.,LTD.",S7130,650076
"Kingyoup Enterprises Co., Ltd.",N0868,653009
Kinik Company,Q5130,653471
KISCO (TAIWAN) LTD.,T9232,662019
KITZ SCT Corporation,N0476,653098
"KIYOKAWA PLATING INDUSTRY CO.,LTD",I2900,696038
"KJT TECHNOLOGY CO., LTD.",I2326,697369
KLA Corporation,M0248,652759
"K-Max Technology Co., Ltd.",I2500,651024
KN Holdings,T9418,662043
Knight Auto Precision Engineering Pte Ltd,N0029,652164
Koh Young Technology Inc.,M1134,652608
"Kojem International Co.,Ltd.",T9501,661944
Kokusai Electric Corp.,N0886,655872
KOLINK INTERNATIONAL CORP.,R8219,650260
KoMiCo Technology,K2188,651011
"Konzern Laser Precision Co., LTD",L0916,683512
Korea Industry Intelligentization Association,R7312,697752
"Koscn Industrial Manufacturing（shenzhen）Co.,LTD",S7258,650767
"Kostek Systems, Inc.",N0490,656112
KOTRA (Korea Trade-Investment Promotion Agency),R7312,678688
Kromax International Corporation,J2134,650954
"K-Shine Quartz CO., Ltd.",S7958,650775
"KTSEAL CO., LTD.",P5127,654705
Kulicke & Soffa Pte Ltd,L0616,655471
Kumamoto Prefectural Government,Q6030,656249
Kung Hai Enterprise Corp.,R7620,650270
"KURARAY CO.,LTD",S8036,650840
"KVCINS CO.,LTD.",R7312,697742
Kyoto Prefecture,Q6036,654093
Kyushu Railway Company,H0041,683404
KYZEN CORPORATION,I2423,651251
LAB14,R7724,650305
Lam Research Corporation,M0858,652890
"Lasertec Taiwan, Inc.",L1128,654782
"LASERTEK TAIWAN CO.,LTD",S7652,650717
Latent Technologies Inc.,I3200,651978
"LEADER VISION TECHNOLOGY CO., LTD.",K2982,651871
"LeadinWay Co., Ltd.",S7540,650553
Leafy Lab,T9404,698068
"LEEDO TECHNOLOGY CO., LTD.",S7140,650565
Levitronix GmbH Taiwan Branch,J2256,651623
LG Chem,S7430,650350
LIAKO TECH. CORP.,T9037,661893
LIGHT TRACE PHOTONICS LTD,I3000,698053
"Lim Chemical Co., Ltd.",N0470,653026
Limitek Ltd.,P6100,653537
"Linde LienHwa Industrial Gases Co., Ltd.",L0210,652303
Linque GmbH,R7112,698136
LINTEC Advanced Technologies (Taiwan) Inc.,M0734,652601
"LINTEC Co., Ltd.",R7321,650264
LiVe Optronics Company Limited,T9404,698069
"LiveStrong Optoelectronics Co., Ltd.",R7200,698218
"LNEYA Thermo Refrigeration Co.,Ltd.",S7153,650901
"LON-GINE PRECISION INDUSTRY CO., LTD.",Q5836,653823
Lux Industries Ltd,I3000,697829
"LV INTERNATIONAL CO., LTD.",Q5352,697514
Lync Semi LLC,T9611,661980
MACDERMID PERFORMANCE SOLUTIONS TAIWAN LTD.,L0800,654593
MACHVISION Inc.,I2300,697109
"Macrotest Semiconductor Technology Co., Ltd.",K3266,652032
MACTECH CORPORATION,R7004,650858
"MACTRONIX SYSTEMS, LLC",S7741,650568
MADDE Inc,H0029,679937
Malvern Panalytical,I2129,661794
"MANOCK INDUSTRY CO., LTD.",Q5158,653499
Manz,M1248,653393
marco Systemanalyse und Entwicklung GmbH,R7112,698129
Marketech International Corp.,M0234,652591
Marposs Company,K2035,652112
Maruyama Chiller Corporation,N0285,653188
MASTech,S7330,698715
"MASTERLOK (ZHEJIANG) INTERNATIONAL TRADING CO., LTD.",L0629,652525
Max Luck Technology Inc,S7736,697880
Maxell Taiwan Ltd,N0983,655868
MAXWELL TECHNOLOGY PTE. LTD.,P6020,697887
MB Automation GmbH & Co. KG,R7112,698130
MCM EUROPE TRADING INC.,G0017,671663
"MDI Taiwan Innovations Co., Ltd.",R7918,650258
Meaglow Ltd,Q6158,697946
MEC TAIWAN COMPANY LTD.,R7100,650075
"Mecatron Machinery Co., Ltd.",S8158,650780
MEDC (Michigan Economic Development Corporation),S7330,697568
MEDICAL INTUBATION TECHNOLOGY CORPORATION,R7003,650862
"MELCON Co., Ltd.",S7537,650519
MEMPro Corp.,K3284,652041
Mesa Quantum,S7330,698714
"MetaSOL Co., Ltd.",R7312,697754
"MFC Sealing Technology Co., Ltd.",J2456,651627
Mi Equipment (M) Sdn. Bhd.,L0100,652181
"Micraft System Plus Co., Ltd.",P6122,655614
Micro Control Company,L0116,652373
"Microcosm Technology Co., LTD.",L1105,654622
Micro-Epsilon Taiwan,K2288,651917
Micro-Mechanics PTE. Ltd.,N0566,656034
Micron Star Technology Limited,J2438,656132
"MICRONICS JAPAN CO., LTD.",K2960,651417
"Microprogram Information Co., Ltd",P5512,653645
"Microsys Engineering Co., Ltd",M1355,653399
"MINDMAN INDUSTRIAL CO., LTD.",Q5246,655890
Mindox Techno Pte. Ltd.,S7736,650512
"Mingkun Technologies Co., Ltd.",N1086,653228
"Mipotech Co., Ltd",P5121,654258
Mirle Automation Corporation,N0676,653114
"MITSUBISHI CHEMICAL TAIWAN CO., LTD.",L0900,654600
"Mitsubishi Electric Automation(TAIWAN) Co.,Ltd.",J2754,651616
"Mitsui Fudosan Co., Ltd.",Q6135,656247
"Mitutoyo Taiwan Co., Ltd.",N0270,653022
mixxtech.io,I2923,698252
Miyagi Prefectural Government,Q6134,663225
Miyazaki Prefecture,Q6148,662318
"MKP Co., Ltd.",R8204,696138
MOL Solutions Inc.,S7552,650703
"MOOHO TECHNOLOGY CO., LTD.",G0007,654266
"Morich Trade Co., Ltd.",R7104,650369
MPP FASTENER CORPORATION,S7237,650503
MSP Corporation,P6118,695656
"MSSCORPS CO., LTD.",Q6230,654215
"Mu-tech Precision Co., Ltd",I2816,698248
MYCROPORE CORPORATION LTD.,L0006,652143
"Myungsung Instrument Co., Ltd.",R7312,697743
Nabu Optical Systems,T9404,698070
"NAGASE (TAIWAN) CO., LTD.",L0910,652316
"Nakajima Chemicals Co.,Ltd.",T9309,661968
Namics Corporation,J2940,651480
Nano Chemix Inc.,Q6235,697050
"Nano Electronics and Micro System Technologies, Inc.",L0300,652185
Nano Precision Corporation Limited,R8200,696136
Nanofilm Technologies International Limited,N0376,696207
Nanosurf AG,R7724,697321
"NANOSYS CO., LTD.",I3428,661779
"NanoSystem Solutions, Inc.",H0009,679921
"Nantong Wintime Semiconductor Technology Co., Ltd.",T9201,661938
Napson Corporation,I2430,651337
"National Center for Instrumentation Research, National Institutes Applied Research",N0482,653169
National Chung-Shan Institute of Science & Technology,T9029,661886
National Instruments Corporation,I2410,651127
"NDS (TAIWAN) CO., LTD.",M1058,652894
Neo Corporation,N0188,653237
Netherlands Office Taipei,K2760,698906
"NEW AMIGO CO.,LTD",S8146,662139
"New Best Wire Industrial Co., Ltd.",K2260,651387
"New Eiko Enterprise Co., Ltd.",S8239,650538
"New Fast Technology Co., Ltd.",J2440,656135
"New J.R. Electronic Co., Ltd.",J3246,652024
"New Smart Technology Co., Ltd",Q5452,653940
New YF Precision Corporation,I2510,651129
nexensor Inc,N1092,656041
"NEXTIN, Inc.",N1187,653229
"Nextool Technology Co.,Ltd",X0006,663529
"NEXTZHEN CO.,LTD",R7312,697749
NFORT TECHNOLOGY CORPORATION,R8023,650291
"NHK Spring (Taiwan) Co., Ltd.",K2876,651810
Nichias Corporation,T9120,662029
Niching Industrial Corp.,M0158,652877
"Nicslab Ops, Inc.",T9404,698071
NIDEC ADVANCE TECHNOLOGY TAIWAN CORPORATION,K3276,652052
"NIKEETECH CO., LTD",S7339,650523
NIKON CORPORATION,M0148,679627
"NINGBO HONGWU PIPE INDUSTRY CO., LTD.",X0013,654296
"Nippon Electric Glass Co., Ltd.",X0031,654305
"Nippon Sanso Taiwan, Inc.",M0256,652855
"NIPPON SHOKUBAI Co., Ltd.",S7836,655645
"NIPPON STEEL STAINLESS STEEL PIPE CO., LTD.",S7740,650556
"NISHIMURA CHEMITECH CO.,LTD",Q6058,654166
NISSEI CORPORATION,I2222,651248
"Nivek International Co., LTD.",K2786,651908
"Nordson Advanced Technology LLC, Taiwan Branch",I2308,651104
North Enging Corp.,K2568,651682
Notion Systems GmbH,R7724,697320
Nova Ltd.,L1000,654618
NOVOMORPHIC LTD,I3000,698043
"NS Technologies, Inc.",Q5930,653533
NSW Automation Sdn Bhd,P6101,697901
"NTS Technology Co., Ltd.",J2539,656133
NTT Advanced Technology Corporation,R8018,650423
Oculi,T9404,698072
ODA Technologies Co. Ltd.,P6218,654133
Odyssey Technical Solutions,J2137,661796
"OFUNA TECHNOLOGY Co.,Ltd.",Q5640,653851
Ohmplus Technology Inc.,I3022,680530
Okayama Prefecture Industrial Promotion Foundation,H0033,683408
OKins Electronics,K2685,651883
Oklahoma Department of Commerce,S7330,697564
"Okuno Taiwan Co.,Ltd.",S7630,650351
OMEGA Scientific Taiwan Ltd.,P5221,655586
OmniMeasure Technology Inc.,I3204,651980
OMRON Corporation,Q5842,653870
ONANO INDUSTRIAL CORP.,N1062,652941
Onn Wah Tech Pte Ltd.,P6121,697914
Onto Innovation,L0728,655461
"Optifab, Inc.",L1326,697770
"Orbray Co., Ltd.",N0166,654640
ORICUS SEMICON SOLUTIONS PTE. LTD.,P6016,697885
Orient Service Corp.,I2117,661791
ORIOLE NETWORKS LTD,I3000,697833
Orlando Economic Partnership,S7330,698712
ORO,R7312,697753
"Osaka Vacuum, Ltd.",I2327,651291
"OSS Technology Co., Ltd.",X0005,654292
Oxford Instruments,I2022,652103
Oxford Lasers Ltd,I3000,698044
"Pall Singapore Taiwan Branch Holding Co., Pte. Ltd.-HsinChu Office",L0216,652375
"Panasonic Connect Co., Ltd.",N1286,653431
"Panther Technology(Shenzhen)Co.,Ltd",J2153,661801
"PAO TAI PRECISION INDUSTRY CO., LTD.",R7221,655618
"PARAGON TECHNOLOGIES CO., LTD.",I3323,694310
Park Systems Corp.,N0966,652986
Parker Hannifin Taiwan Co. Ltd.,M0558,655814
"PARKSON WU INDUSTRIAL CO., LTD.",Q5738,655951
Particle Measuring Systems Inc.,I2225,650949
Pasco Precision Corp,Q5843,653868
"PBA SYSTEMS (TAIWAN) CO., LTD",Q5830,653529
"PDF Solutions, Inc.",J2834,651414
PEER Group Inc.,K2966,651711
PEMTRON Corporation,M1242,653387
Pentamaster,I2830,651345
PENTAPRO MATERIALS INC.,S8044,650620
"PERFECT MACHINE CO., LTD.",Q5352,697509
Pfeiffer Vacuum Taiwan Corporation,J2840,651478
PHIDRIX Inc.,R7725,683392
"PHOENIX CONTACT CO., LTD.",S7438,679672
PHOTARIX,I3000,697834
"PHOTON-TECH INSTRUMENTS CO., LTD.",K2982,695658
Physik Instrumente (PI) Taiwan Ltd,I2822,651260
Pibond Oy Taiwan Branch,L0828,655703
PICKERING TEST LTD,I3000,698045
"PIE Co., LTD",R7312,697757
Pinnacle Vacuum Components Taiwan Branch,R7504,650133
"PIONEER SEMICONDUCTOR MACHINE CO., LTD.",K3188,656251
"Pitotech Co., LTD",J3142,655790
PLANOPTIK AG,M0856,652873
"PLASTICNET CO., LTD.",K2286,651009
"PlayNitride Display Co., Ltd.",I3016,680525
PMI,J2434,656129
Poland Pavilion,I3116,651204
"POMME TECHNOLOGIES CO., LTD",P5800,655750
Poro Technologies Ltd,I3000,697830
"POSA MACHINERY CO., LTD.",Q5352,697511
"PowerTech Co., Ltd.",K2882,651869
Pragmatic Semiconductor Ltd,I3000,698046
Precision Machinery Research & Development Center,Q5352,697513
Precitec Optronik GmbH,K2029,652131
Premtek International Inc.,L0122,652446
Prestige Technology (S) Pte Ltd,P6012,697892
"Primarius Technologies Co.,Ltd.",J2638,651452
"Primary Tech Enterprise Co., Ltd.",L0530,698251
"ProbeLeader Co., Ltd",K2170,650984
ProSpectral Ltd,I3000,697831
"PROTEC CO., LTD.",N0388,653239
PSK Asia Inc.,M0848,652770
PTW ASIA PTE. LTD. TAIWAN BRANCH,N0882,655869
PVA Taiwan Ltd.,K3260,661870
Qnity Electronics,S7930,650099
Qualified AM GmbH,R7112,698135
Qualmax Taiwan Limited,K2264,650976
Quantumtek Innovatives Corporation,I2816,651198
Quatek International Limited Taiwan Branch,I2430,695990
QUICK SEMICONDUCTOR,H0034,693476
Quobly,R7324,697859
"Radiation Technology Co., Ltd.",J3153,651602
Rayvatek INC.,R7626,683393
"Rayzher Industrial Co., Ltd.",I2200,650970
"RECIF Technologies Taiwan Co., Ltd.",N0184,653189
ReeR Taiwan Ltd.,R8000,698678
REGO Electronics Inc.,I3422,661778
Rehm Thermal Systems (Hong Kong) Limited,P6112,655609
"REIWA MATERIAL CO.,LTD",X0022,654313
Reliya Technology Ltd.,I2326,651293
RENA Technologies GmbH,N1067,652987
Renishaw (Taiwan) Inc.,R8112,650209
"Resonac International(Taiwan) Co., Ltd",M1148,652776
Rigaku Corporation,N0592,653292
"Riken Keiki Taiwan Co., Ltd.",M0834,652602
"RION CO., LTD.",J2356,651625
"Riye Electric Co., Ltd.",R8005,650138
RKC INSTRUMENT INC.,Q5339,677755
Road Ahead Technologies Consultant Corp.,Q5143,654237
RockCore Technology,T9404,698074
Roechling Industrial (Singapore) Pte Ltd.,X0024,654314
Rohde & Schwarz GmbH & Co. KG,R7112,698137
"Rokko Electronics Co., Ltd.",K2168,650980
ROKKO Systems Pte Ltd,N0492,656115
"Rorze Technology, Inc.",J2734,651410
Rotarex,N0267,654639
"RPS CO., LTD.",J3156,652066
"RS Components Limited, Taiwan Branch",X0019,654299
"Ruter Elastomer Co., Ltd",K2034,652110
"Ruth Cleaning Technology Co., Ltd.",S7637,650508
"Sae Han Micro Tech Co., Ltd.",T9212,661963
Safe World Engineering,L1126,654779
Saga Prefecture,Q6130,663232
"Saint-Gobain Advanced Materials (Taiwan) Co., Ltd.",J2334,651392
Samco Inc.,N0367,654634
Sandvik Osprey Ltd.,X0016,654310
santec,T9204,661988
Sanwa Engineering Corp.,N0876,655862
Sanying Precision Instruments Co. Ltd,P6305,654181
"Sanyu Co.,Ltd",Q6235,697048
"SANYU REC CO.,LTD",I2004,652085
"Saultech Technology Co., Ltd.",N0976,653107
"SBT Ultrasonic Technology Co., Ltd.",Q5541,653846
"SCH Electronics Co., Ltd.",L0216,656176
SCHMID Taiwan Ltd.,S8258,650781
Schmidt Scientific Taiwan Ltd.,K2176,650993
SCHOTT AG,R7220,650265
Scientech Corporation,M0338,652593
"Scientific Gear Service Co., Ltd.",I3216,651991
"SDS TECH CO.,LTD",P5918,653703
SE Technologies Corp.,K2043,652119
Sealink Corp.,M0556,655811
SEBA Inc.,G0015,671658
"SEC CO., LTD.",Q6343,654192
"Security Platform as a Service, Administration for Digital Industries of moda",Q5346,653890
"SEIWA OPTICAL TAIWAN, INC.",N0038,652173
"SEKISUI CHEMICAL CO., LTD",H0031,679931
SelectFlorida,S7330,697560
"Selling-Ware Co., Ltd.",N0576,653100
"SEMES Co., Ltd.",M1040,652678
Semics Inc.,K2588,651923
Semilab Taiwan Co. Ltd.,K2386,651898
Semtek Corporation,J3240,652020
"Servomex, Inc.",I2225,698216
SET CORPORATION SA,N1184,653206
SGL CARBON GmbH,R7112,698133
"Shandong Chief Fluoride New Materials Co.,Ltd",X0021,654300
"Shandong Taihe Technologies Co., Ltd.",S7840,650557
"Shanghai GND eTech Co.,Ltd",S8341,650564
"SHANGHAI JIEHONG MECHANICAL EQUIPMENT CO., LTD",T9041,661900
"Shanghai Lasensor Photoelectric Technology Co., Ltd.",X0015,654297
"Shanghai Pullner Filtration Technology Co.,Ltd",T9056,697322
"Shanghai YD Technology (Group) Co., LTD.",R7612,650400
"SHE HONG INDUSTRIAL CO., LTD.",Q5352,697515
SHELLBACK Semiconductor Technology,J2157,661807
"SHENG CHUAN Technology CO.,LTD",P5512,696319
Shenmao Technology Inc.,L0930,652556
"Shenyang Heyan Technology Co.,Ltd",N0049,653336
"Shenzhen Hanchi Technology Co.,LTD",M1255,652848
"Shenzhen KHJ Technology Co.,Ltd",X0017,654298
"Shenzhen Merry Precise Electronic Co.,Ltd",N0866,652992
"Shenzhen Naso Tech Co.,Ltd",J3255,652064
"Shenzhen SinceVision Technology.co., Ltd.",T9023,661898
"Shenzhen Tensun Precision Equipment Co., Ltd",P5812,653651
"Shenzhen Xinyichang Technology Co., Ltd.",K3270,652049
"Shenzhen Youibot Robotics Co., Ltd.",R8024,650310
Shibaura Mechatronics Taiwan Corporation,N1176,653111
Shimifrez Inc.,Q6158,697947
"SHIN HAU TECHNOLOGY CO., LTD.",P5823,653726
"Shin Yuang Electric Co.,Ltd",P5113,654254
"Shin Yueh Applied Materials Co., Ltd.",K2970,697826
"SHINCRON.CO.,LTD.",I2826,651302
"Shinwa Controls Taiwan Co., Ltd.",J3450,661781
"Shiny Precision Co., Ltd",S7543,671562
"Shuz Tung Machinery Industrial Co.,Ltd.",K3068,651734
"SHYAN SHENG HITECH CO., LTD.",K2483,656217
SHYAWEI OPTRONICS CORPORATION,R7006,650859
"SIAMC Advanced Materials Co., Ltd.",J3239,655786
Siemens Limited Taiwan,Q5536,653817
SIGMA Technology Corporation,J2546,656087
Silicon SAXONY e.V.,K2760,651409
"SiliconAuto Taiwan CO., LTD.",T9116,662035
Sil-More Industrial Ltd.,I2322,651250
"Silvaco Taiwan Co., Ltd.",I2018,652098
SIMACO ELETTROMECCANICA S.R.L.,R8000,698679
SineTest Technologies Pte Ltd,P6123,697897
"SINFONIA TECHNOLOGY CO., LTD.",N1262,653407
Singapore Precision Engineering and Technology Association (SPETA),P6026,697890
"SINGWAY TECHNOLOGY CO.,LTD",L1016,652390
SinMat Technology Corp.,R7113,650881
Sinom Corporation,S7009,662348
"SINTECH TECHNOLOGY CO., LTD.",M1234,653379
Sipearl,R7324,697857
"SISSCA Co., Ltd.",I2300,651020
SIXSENSE PTE. LTD.,P6117,697894
"SKL Tech Co., Ltd.",L1127,652510
SmarAct GmbH,S8237,650836
"SMC Automation Co., Ltd.",J2746,651536
"SMFL MIRAI Partners Company, Limited",N0392,653288
Smiths Interconnect,K2054,652136
"Smytik (Kunshan) Precision Machinery Co.,Ltd",T9032,661887
Solace Corporation,Q6158,697948
Solar Plus Company,K3167,651714
Solinide Photonics AB,T9404,698075
Solomon Technology Corp.,Q5437,654716
Solstice Advanced Materials,S8137,650839
Sonix Inc,L0327,652495
"Southern Taiwan Science Park Bureau, National Science and Technology Council",R7200,650077
"SOW LONG INDUSTRIAL CO., LTD",S8337,650832
SPD Tech Valley Sdn. Bhd.,P6000,697902
SPECS Surface Nano Analysis GmbH,R7724,697319
"Speedfam Co., Ltd.",N0276,653094
SPT/SMALL PRECISION TOOLS,M0158,697836
"SRT Co., Ltd.",Q6235,697046
"SSK Co., Ltd.",T9308,661997
ST Co.,G0011,679569
"Standard Robots Co., Ltd.",Q5330,654045
Standard Technology Corporation,M0840,652674
Standex Electronics,I3024,680533
"Star Trade CO., LTD.",R8012,650208
State of Colorado,S7330,698244
State of Idaho,S7330,697563
"S-TEAM Lab, spol. s.r.o.",H0001,679917
"Stella Technology Co., Ltd.",K2382,651858
STMicroelectronics,R7324,697858
"SUCCESSFUL HEART TECHNOLOGY CO., LTD.",P6319,654199
"Sumika Chemical Analysis Service, Ltd.",L0227,652493
"Sumitomo (SHI) Cryogenics Taiwan Co., Ltd",N0036,652171
"Sumitomo Bakelite Co., Ltd.",T9512,661979
"Sumitomo Heavy Industries Material Solutions Co., Ltd.",R7124,655620
"Sumitronics Taiwan Co., Ltd",I2900,651032
"SUN Corporation, Ltd.",Q5458,653986
Sun-Opto Technology Corp.,I2405,651062
SUNSUN-TECH,M1157,652870
"Super Air Compressor Technology Co., Ltd.",R8019,650257
SUPERBIN COMPANY LTD.,Q5630,694324
SuperPlus TECH,P5300,653508
"Surfx Technologies Taiwan Co., Ltd.",K2584,651882
"SurplusGLOBAL, Inc.",M1140,652680
"SUSS MicroTec (Taiwan) Co., Ltd.",N0162,654635
"SUTING PRECISION INDUSTRIAL CO., LTD.",N0967,652985
"SuZhou Dongmai New Material Technology CO.,Ltd.",K3066,651713
"Suzhou Eoulu System Integration Co.,Ltd.",I2026,652130
Suzhou Ginet new material technology Co.Ltd,T9304,661992
"SuZhou Guangduo Micro, Nano Devices Co., Ltd",S7758,650773
"Suzhou Jingtou Semiconductor Technology Co., Ltd.",S8144,662136
"Suzhou Supermag Intelligent Technology Co.,Ltd.",S7133,654703
Swagelok Taiwan,R7524,650302
SWCC Corporation,S8042,650595
SYENSQO,Q5552,653942
"Symtek Automation Asia Co., Ltd.",N0776,656106
Synergie Cad GROUP,K2984,651892
"SynPower Co., Ltd.",N0776,697685
SYNUS Tech,R7312,697746
"SYO Technology Co., LTD.",K2045,652121
System General,K2983,651870
Systems Engineering Inc.,S7541,650567
"T&C Technical Co., Ltd.",S7012,650874
"Ta Liang Advanced Smart Technology Co., Ltd.",N1068,653013
"Tachia Yung Ho Machine Industry Co., Ltd",K2460,651395
"Taichi Metal Material Technology Co., Ltd.",R7200,698227
"TAIHO TOOL MFG. CO., LTD..",S8240,650571
TAIPURE,R7821,697417
"TAIWAN 3AXLE TECHNOLOGY CO., LTD.",R8106,650158
"Taiwan Aerogel Technology Materials Co., Ltd.",R7200,698221
Taiwan Air Water Mach Co. Ltd.,Q5243,653483
"TAIWAN ANJI MICROELECTRONICS TECHNOLOGY CO., LTD.",P6106,653597
"Taiwan Asahi Diamond Industrial Co., Ltd.",M0434,652595
TAIWAN ASSOCIATION OF MACHINERY INDUSTRY,X0012,664254
"Taiwan Busway Co., Ltd.",Q5530,653517
"TAIWAN CANDEAR INDUSTRY CO., LTD.",N0588,653243
"Taiwan Carrier Tape Enterprise Co., Ltd.",J2552,656092
"TAIWAN CHELIC CO., LTD.",J2946,651540
Taiwan CKD Corporation,I2716,651205
"TAIWAN DAIKIN ADVANCED CHEMICALS, INC.",L1108,652296
"Taiwan Fairfield Electronic Technology CO., LTD.",L0528,652524
TAIWAN FANUC CORPORATION,R7101,650875
Taiwan Fluid Power Association,Q5440,653847
"TAIWAN FYLIN INDUSTRIAL CO., LTD.",Q5937,653822
TAIWAN GRACE INTERNATIONAL CORPORATION,Q6043,653872
Taiwan High-Tech Facility Association,R7519,655749
Taiwan Hirata Corporation,Q5146,653487
"Taiwan Kanken Techno Co., Ltd.",J2554,651611
"Taiwan Kong King, Co., Ltd.",J2538,651451
"Taiwan Maxwave Co., Ltd.",S7452,650716
"Taiwan Mitsui Chemicals, Inc.",L0106,652254
"TAIWAN NEW COSMOS ELECTRIC CO., LTD",N0282,653163
"Taiwan Nitta Filter Co., Ltd.",I2107,661799
"TAIWAN PETRO CONVEYOR TRANSMISSION MACHINERY PARTS CO., LTD.",T9402,661942
Taiwan Puritic Corp.,I2106,650940
"TAIWAN SERVO DYNAMICS Co,. LTD",P5205,653445
"TAIWAN SHIIMA ELECTRONICS CO., LTD.",J3456,661783
Taiwan Stock Exchange Corporation,T9126,662080
"TAIWAN TRUEWIN TECHNOLOGY CO., LTD",Q5852,653948
"TAIWAN TSUBAKIMOTO TRADING CO.,LTD",Q5730,653525
Taiwan Uyemura Co Ltd,K2560,651399
"TAIWAN YUAN TAIFENG OPTRONICS CO., LTD.",M0838,652657
"Takai Precision Co., Ltd",L0001,652138
"Takano Co., Ltd.",L0400,652187
"Takumi Precision Co., Ltd.",Q5737,662349
"TANAKA PRECIOUS METAL GROUP CO., LTD.",S7858,650786
TAZMO Apprecia Formosa Inc.,M1258,653403
TDC Corporation,Q6134,698036
TDK Corporation,N0290,653262
"TDMC CO., LTD.",I3106,681184
"TECH PLUS PRECISION MACHINERY INDUSTRY CO., LTD.",I2622,651256
"Techgo Industrial Co., Ltd.",R7520,650269
TECHMAN ROBOT INC.,P5406,655724
"Technic Taiwan Co., Ltd.",N0031,655700
"Technic, Inc.",R7324,697862
"Technical & Try Co., Ltd.",J3052,651601
Technoprobe,R8000,698680
"TECNISCO, LTD.",R8222,650438
"TEEN-YU CO., LTD.",H0023,679928
Teesing Taiwan LTD.,Q5241,653481
"Tek Crown Technology Co., Ltd.",K2490,651941
"TEKSCAN, MEMS Technology",N0467,656083
Teltec Semiconductor Pacific Limited,N0570,656025
"Tendly Enterprises Co., Ltd.",Q5237,653477
Tenpro Advanced Technologies,I3426,661775
Tenstorrent Inc.,Q6158,697949
"TeraSolar Energy Materials Corp., Ltd.",X0032,654320
TES ELECTRICAL ELECTRONIC CORP.,I2304,651061
TESCAN GROUP TAIWAN Co. Ltd,R8201,696139
Tesec Corporation,K3367,652047
"Test Research, Inc. (TRI)",I3210,651988
Texwipe Asia,S7330,697565
TFE Inc.,K2048,652127
"T-GLOBAL TECHNOLOGY CO., LTD.",S7937,655646
Thales System Corporation,P6204,654175
"THE LEADER APPLIED MATERIALS CO., LTD.",K2470,651681
"The Marianas, USA",S7330,698243
The Swedish Trade & Invest Council,R8006,681255
THERMAP SOLUTIONS LTD,I3000,698047
"THINTECH MATERIALS TECHNOLOGY CO., LTD. LUKE BRANCH",R7200,698220
"THIRD ENTERPRISE CO., LTD.",R7506,650149
"THK Taiwan Co., Ltd",S7352,650701
THOMASCABLE,T9224,662032
Tinman Advanced System Technology Pte Ltd,X0004,663530
"Titan Electro-Optics Co., Ltd",I2001,652083
"Titan-Semi Co., Ltd.",K2370,655959
TMBA SMART TEAM,Q5352,654754
"Tohoku-MicroTec Co., Ltd",Q6134,698035
"TOKYO AIRCRAFT INSTRUMENT CO.,LTD.",T9108,661987
"Tokyo Diamond Tools Mfg. Co., Ltd.",Q6134,698032
Tokyo Electron Limited,M0648,652779
"Tokyo Keiso Co., Ltd.",J2656,651631
"Tomocube, Inc",T9237,662053
TONG YI MACHINERY INC.,S7730,650093
"Tongtai Machine & Tool Co., Ltd.",I2516,697773
"TOP TECH MACHINES CO., LTD.",S7841,650555
"Topco Scientific Co., Ltd.",I2700,651037
TopoLogic Inc.,T9404,698076
"Toray Engineering Co., Ltd.",J2234,651388
"Toward Technologies, Inc.",K3168,651736
"Toyo Adtec co., Ltd.",Q5946,653902
"TOYO AUTOMATION CO., LTD.",J3054,651622
"T-PARUS TECHNOLOGY CO., LTD.",S8152,696547
TQC PRECISION ENGINEERING PTE. LTD,P6022,697888
Tracoworld Ltd.,R8104,696144
"Transworld Steel Enterprise Co., Ltd.",P5512,696318
Trebor International,L0204,652228
Trelleborg Sealing Solutions Taiwan Co. Ltd,L0020,652157
Tricorntech Corporation,R7106,650144
"Trident Green Environmental Technology Co., Ltd.",L0916,683514
"TrInity Analysis Tech Co., Ltd.",Q5230,653505
TRIPOD Technology Corporation,J2352,651586
"Tronic Purity, Inc.",I2210,651123
Tronstek International Inc.,I3228,662296
"TRUMPF Taiwan Industries Co., Ltd.",P6206,654182
"TRUST CLEAN TECHNOLOGY CO., LTD.",K2175,661804
Trusval Technology Co. Ltd.,R7512,650200
"TS RF Instruments Co., Ltd.",J3241,655788
"TSE Co., Ltd.",J3034,651422
TSI INCORPORATED,P6118,655603
"Tuner Technology Co., Ltd.",L0009,652146
TURBO FORTUNE TECHNOLOGY INC.,P6021,653714
TurboNext.ai,T9404,698079
Turnkey Solutions Technology LTD.,R8100,696142
U.K. TECHNOLOGY CORP.,N0689,653244
"Uangyih-Tech Industrial Co., Ltd.",R7800,650359
"Ucome Tech Co., Ltd",L1309,653353
Ueki Corporation,T9062,661937
"Ueno Seiki Co., Ltd.",I3305,651994
UK Pavilion,I3000,651034
"Ultraband Technologies, Inc.",I3307,651986
"ULTRA-PAK INDUSTRIES CO., LTD.",Q5652,653944
ULVAC Taiwan Inc.,P5206,653579
Umicore Thin Film Products AG,N0192,653284
"Underwriters Laboratories Taiwan Co., Ltd.",M0939,652650
Unice E-O Services Inc.,S8136,650835
"Uni-Crown Co., Ltd.",R7205,650127
Union Square International Corp.,T9209,661986
UNITECHNO INC.,S7004,650867
"United C&N Co., Ltd.",P5600,697882
"United Precision Technologies Co.,Ltd.",K2985,651890
United Silicon Innovation Corp.,L1024,652485
UniTest Taiwan,J3046,651542
"Ushio Taiwan, Inc.",M0358,652881
"USUN TECHNOLOGY CO., LTD",N1383,653427
USYNC INC.,Q5352,697516
"Utechzone Co., Ltd.",N1170,653039
"UTRUN-TECH CO., LTD.",S7641,650552
"UVAT Technology Co., Ltd.",M1254,653398
"Valex Semiconductor Materials (zhejiang) Co.,Ltd",Q5135,654708
VALUE IMPACT CORPORATION TAIWAN BRANCH,J2739,651453
"VALUE VALVES CO., LTD.",R7621,650268
"VASTI TECHNOLOGIES CO., LTD",R8119,650259
"VAT Taiwan Co, Ltd.",M0942,652700
"Vector Japan Co.,Ltd",L0207,652253
VECTOR PHOTONICS LIMITED,I3000,697835
Veego Corporation,H0015,679924
Vellex Computing,T9404,698077
VEOLIA,R7324,697864
Vermes Microdispensing GmbH,R7112,698131
Vero Veria Corporation,R7500,650085
Vervesemi Microelectronics Pvt Ltd,R8323,650823
Vieworks Co.，Ltd.,T9616,662048
VIMIC Electronic Corp.,N0366,656082
VISION IV Corporation,T9404,698078
ViTrox Technologies Sdn. Bhd.,P6006,697907
"V-Tech Precision Co., Ltd",Q5159,654245
VX Instruments GmbH,R7112,698132
"WA NEW TECHNOLOGY CO., LTD.",P5612,653647
"WACOM TAIWAN CO., LTD.",L0027,653332
Wafer Works Corporation,J3353,652030
Waftech Sdn. Bhd.,I2916,655765
Wah Lee Industrial Corp.,S7936,650514
Watty Corporation,L0008,652144
WAVE PHOTONICS LTD,I3000,697832
WEBB LTD.,N0040,652174
"WEISUN INDUSTRIAL CO., LTD.",P5712,653649
"WELL THIN TECHNOLOGY, LTD.",S8246,662128
Weltall Technology Corporation,P5106,653447
Werner Lieb GmbH,R7112,698134
WESI Technology Limited,I2428,651252
"WEXTEN PRECISE INDUSTRIES CO., LTD.",Q5352,697508
"White Knight Fluid Handling, Inc.",I2100,650937
WIN Semiconductors Corp.,J3234,652017
"Win Win Precision Technology Co., Ltd.",K3060,651421
"Winchain Material Technology CO.,LTD.",P6219,655612
Wings Global Technology Inc.,S7546,697415
WINIFRED INTERNATIONAL TECHNOLOGY LIMITED TAIWAN BRANCH,P5319,653688
"WINSON MACHINERY CO., LTD.",Q5352,697510
"WinWay Technology Co., Ltd.",K2776,651808
"Wire Technology Co., Ltd.",L0810,655968
Wisdom Power International Corporation LTD,L0017,652155
"WITH SYSTEM CO.,LTD.",R7312,697751
"Wonik Quartz Taiwan Co.,LTD",S7844,650619
"World Diamond Materials Co.,Ltd.",S7546,655657
"Xinxiang Shengda Filtration Technique Co.,Ltd",T9056,661928
"xMEMS Labs,Inc.",T9504,662004
Xtreme Testek Inc.,T9143,661967
"YAHO System Technology Co., Ltd.",S7152,650698
Yamaguchi Industrial Promotion Foundation,H0040,693473
YASKAWA ELECTRIC TAIWAN CORPORATION,P5704,653569
"Yeh Jeh Co., Ltd",T9211,661958
Yen Ann Technology Company Limited,Q5942,653873
YeSiang Enterprise Co. Ltd,R7300,650356
"Yeson Waterteatment Co., LTD.",S7001,650863
Yield Engineering Systems,N1276,653421
"YJ STAINLESS CO., LTD.",P5222,653717
"YMT CO.,LTD TAIWAN BRANCH (KOREA)",Q5958,654170
YODN Lighting Corp.,K2489,651919
"Yodogawa Taiwan Co., Ltd.",I2523,651253
Yonata Electronics,T9508,661977
YoungTek Electronics Corp.,K2976,651812
"YU PENG TECHNOLOGY CO., LTD.",R7605,650132
"Yu Shyan System Technology Materials Co., Ltd.",K2970,651752
"YUAN JING PRECISION CO., LTD.",S7002,697368
YU-CHEN SYSTEM TECHNOLOGY CORP.,P5306,653582
"YUDEN-TECH CO., LTD.",P5305,653559
Yuhon Enterprise Corporation,L0830,652554
YUJAY Technology Inc.,J2838,651457
"Yujeong System Co., Ltd.",R7312,697747
ZEN VOCE CORPORATION,P5900,653531
Zeon Corporation,S7830,655640
Zero One Semiconductor Technology (Changzhou) Co. Ltd.,H0034,697881
Zestron Taiwan Ltd.,X0018,654311
"ZhangJiaGang AnChu Technology CO.,LTD.",J3253,651604
"Zhejiang Futong Quartz New Material Co.,Ltd",X0026,654317
"Zhejiang Hangke Instrument Co., Ltd.",T9210,661962
"ZheJiang OPAL Quartz Tech Co.,Ltd",J2653,656093
"Zhejiang Yuanxin Advanced Material Co.,Ltd",T9110,661956
"ZHI HUI CO., LTD.",Q5153,654242
"Zhonghuan Advanced Semiconductor Technology Co.,Ltd.",S7446,650642
"Zhongshan MEISU Technology Co.,Ltd.",X0008,654323
"ZI YI ELECTRICAL ENGINEERING CO., LTD.",R7912,650206
"Zillion Tek Co., Ltd",N0382,653167
"Zimmerman Scientific Co., Ltd.",S8331,650827
"Z-MAX SYSTEM CONTROL CO., LTD.",S7010,650873
